pitcher,pitcher_name,feature,standardized_residual_coefficient,effective_standardized_coefficient,feature_training_mean,feature_training_scale,effective_raw_unit_coefficient,model_residual_intercept,effective_raw_unit_intercept,ridge_alpha,correction_scale
450203,Charlie Morton,prior_minus_ewma4,-0.3732873495450876,-0.0933218373862719,0.018034938561785094,2.8444033712623518,-0.032808932210221464,0.1735872547398646,0.7873008992497251,100.0,0.25
450203,Charlie Morton,mean5_minus_ewma4,0.025417390310322575,0.006354347577580644,0.044805513756038175,1.2709076309187055,0.004999850046527185,0.1735872547398646,0.7873008992497251,100.0,0.25
450203,Charlie Morton,stuff_plus_slope_last5,-0.14576806772358858,-0.036442016930897145,-0.07578728339695665,1.4958394058583424,-0.024362252249923843,0.1735872547398646,0.7873008992497251,100.0,0.25
450203,Charlie Morton,prev_start_pitch_count,0.10485247140560548,0.02621311785140137,94.4375,10.314501970180487,0.0025413847345401868,0.1735872547398646,0.7873008992497251,100.0,0.25
450203,Charlie Morton,rest_days,-0.1782320829353678,-0.04455802073384195,5.955357142857143,0.9295581982197515,-0.04793462186571802,0.1735872547398646,0.7873008992497251,100.0,0.25
450203,Charlie Morton,workload_density_3starts,-0.2937081741278892,-0.0734270435319723,15.885374060908251,1.6919343691168736,-0.04339828120537469,0.1735872547398646,0.7873008992497251,100.0,0.25
450203,Charlie Morton,release_speed_slope5,-0.2829068364258647,-0.07072670910646618,0.014606610780682384,0.2694988103951588,-0.2624379269161208,0.1735872547398646,0.7873008992497251,100.0,0.25
450203,Charlie Morton,release_spin_rate_slope5,-0.30988824586428454,-0.07747206146607113,1.6439256639895679,22.069114731163985,-0.0035104290502723325,0.1735872547398646,0.7873008992497251,100.0,0.25
450203,Charlie Morton,release_extension_slope5,0.3291259971180379,0.08228149927950948,-0.004070775526183371,0.02971249238251404,2.7692560496181255,0.1735872547398646,0.7873008992497251,100.0,0.25
450203,Charlie Morton,release_pos_x_slope5,-0.27245484154744376,-0.06811371038686094,-0.009485420432882436,0.03697821033131088,-1.841995861254173,0.1735872547398646,0.7873008992497251,100.0,0.25
450203,Charlie Morton,release_pos_z_slope5,-0.07047561543678807,-0.017618903859197017,-0.0027910375933773855,0.026264878452921074,-0.6708161201194333,0.1735872547398646,0.7873008992497251,100.0,0.25
450203,Charlie Morton,arm_angle_slope5,0.1624294972424657,0.04060737431061642,-0.08633929282227379,0.35315196954085326,0.11498555243345142,0.1735872547398646,0.7873008992497251,100.0,0.25
450203,Charlie Morton,pfx_x_slope5,-0.02446510155033824,-0.00611627538758456,-0.0018451195949269745,0.05555835757816283,-0.11008740456338754,0.1735872547398646,0.7873008992497251,100.0,0.25
450203,Charlie Morton,pfx_z_slope5,0.15128537416896015,0.03782134354224004,-0.0029888192405647033,0.03363344644804548,1.1245158476596717,0.1735872547398646,0.7873008992497251,100.0,0.25
450203,Charlie Morton,breaking_share_slope5,-0.024973258741700727,-0.006243314685425182,-0.00015889245815077022,0.018955551165396465,-0.3293660327230374,0.1735872547398646,0.7873008992497251,100.0,0.25
450203,Charlie Morton,offspeed_share_slope5,0.1675873051783764,0.0418968262945941,0.00105618322182003,0.010933943773392192,3.831812853889942,0.1735872547398646,0.7873008992497251,100.0,0.25
542881,Tyler Anderson,prior_minus_ewma4,0.2853849749133599,0.07134624372833998,0.1017421308250061,2.6945322753981893,0.026478155181049616,-0.01569575203051927,-0.1765998819317234,100.0,0.25
542881,Tyler Anderson,mean5_minus_ewma4,0.3443594766685599,0.08608986916713998,0.02458166074591696,1.28483967285262,0.06700436714878362,-0.01569575203051927,-0.1765998819317234,100.0,0.25
542881,Tyler Anderson,stuff_plus_slope_last5,-0.3248515754560753,-0.08121289386401882,0.07346880380217014,1.6754015247600371,-0.048473689837217206,-0.01569575203051927,-0.1765998819317234,100.0,0.25
542881,Tyler Anderson,prev_start_pitch_count,-0.034315135645996864,-0.008578783911499216,90.31481481481481,10.18772695557071,-0.0008420704587894639,-0.01569575203051927,-0.1765998819317234,100.0,0.25
542881,Tyler Anderson,rest_days,0.22773885125254165,0.05693471281313541,6.185185185185185,1.4411167746921278,0.039507355554374575,-0.01569575203051927,-0.1765998819317234,100.0,0.25
542881,Tyler Anderson,workload_density_3starts,-0.0010598136294728243,-0.00026495340736820607,14.690264021816962,2.203446175335296,-0.00012024500999117366,-0.01569575203051927,-0.1765998819317234,100.0,0.25
542881,Tyler Anderson,release_speed_slope5,-0.2124100549802632,-0.0531025137450658,0.013990896187160472,0.27121850923962026,-0.19579236643524936,-0.01569575203051927,-0.1765998819317234,100.0,0.25
542881,Tyler Anderson,release_spin_rate_slope5,-0.14239152665694588,-0.03559788166423647,-2.8481801276209704,22.78080752029234,-0.0015626259794578018,-0.01569575203051927,-0.1765998819317234,100.0,0.25
542881,Tyler Anderson,release_extension_slope5,-0.04951689394310989,-0.012379223485777472,0.00303757644194548,0.034858433581704325,-0.3551285073312872,-0.01569575203051927,-0.1765998819317234,100.0,0.25
542881,Tyler Anderson,release_pos_x_slope5,-0.07118042781598378,-0.017795106953995946,-0.0030947656314609107,0.038338994998573496,-0.4641516282484207,-0.01569575203051927,-0.1765998819317234,100.0,0.25
542881,Tyler Anderson,release_pos_z_slope5,0.1931394887198371,0.048284872179959276,0.0007219449638884609,0.02859594835031371,1.6885214502574653,-0.01569575203051927,-0.1765998819317234,100.0,0.25
542881,Tyler Anderson,arm_angle_slope5,0.11974145341534463,0.029935363353836158,-0.041511825956750056,0.7374417360610346,0.04059353015972851,-0.01569575203051927,-0.1765998819317234,100.0,0.25
542881,Tyler Anderson,pfx_x_slope5,0.06293388075493929,0.015733470188734822,0.005638622367260042,0.045000377441902426,0.3496297383071389,-0.01569575203051927,-0.1765998819317234,100.0,0.25
542881,Tyler Anderson,pfx_z_slope5,-0.00934929385135265,-0.0023373234628381624,0.0005165099403057529,0.037558218584637065,-0.0622320107534128,-0.01569575203051927,-0.1765998819317234,100.0,0.25
542881,Tyler Anderson,breaking_share_slope5,-0.11131102461281284,-0.02782775615320321,-4.143546745732635e-05,0.006566973290023353,-4.237531496508379,-0.01569575203051927,-0.1765998819317234,100.0,0.25
542881,Tyler Anderson,offspeed_share_slope5,0.059680445771165935,0.014920111442791484,0.0028556972472598883,0.026044155581666225,0.572877527013949,-0.01569575203051927,-0.1765998819317234,100.0,0.25
543243,Sonny Gray,prior_minus_ewma4,0.17160839529510855,0.042902098823777136,0.16635843228723915,3.4107986422119705,0.01257831473626783,0.38254158457499515,1.6204769421220275,100.0,0.25
543243,Sonny Gray,mean5_minus_ewma4,0.17632980621247038,0.044082451553117595,-0.020450173164091864,1.6261019850650795,0.027109278481911043,0.38254158457499515,1.6204769421220275,100.0,0.25
543243,Sonny Gray,stuff_plus_slope_last5,-0.5105662178731646,-0.12764155446829115,-0.03648328969219903,1.8707444603477135,-0.06823035276799191,0.38254158457499515,1.6204769421220275,100.0,0.25
543243,Sonny Gray,prev_start_pitch_count,-0.49796992403082635,-0.12449248100770659,87.64,10.806035350673255,-0.011520643507792175,0.38254158457499515,1.6204769421220275,100.0,0.25
543243,Sonny Gray,rest_days,-0.09811827738467968,-0.02452956934616992,6.08,1.5341447128612111,-0.01598908443286408,0.38254158457499515,1.6204769421220275,100.0,0.25
543243,Sonny Gray,workload_density_3starts,-0.2831979669969996,-0.0707994917492499,14.624371982409375,2.437904501901741,-0.02904112597274471,0.38254158457499515,1.6204769421220275,100.0,0.25
543243,Sonny Gray,release_speed_slope5,-0.05196715763665566,-0.012991789409163915,0.027831984017274488,0.2852394547483327,-0.04554695780296802,0.38254158457499515,1.6204769421220275,100.0,0.25
543243,Sonny Gray,release_spin_rate_slope5,0.05372392596566086,0.013430981491415216,3.0372170391305775,30.42429204669908,0.00044145584294285744,0.38254158457499515,1.6204769421220275,100.0,0.25
543243,Sonny Gray,release_extension_slope5,0.12477562581843768,0.03119390645460942,0.0026133515567587466,0.03083877241178061,1.011515829426892,0.38254158457499515,1.6204769421220275,100.0,0.25
543243,Sonny Gray,release_pos_x_slope5,-0.023949367919383676,-0.005987341979845919,-0.0004410084873716418,0.05531413535329155,-0.10824253044189786,0.38254158457499515,1.6204769421220275,100.0,0.25
543243,Sonny Gray,release_pos_z_slope5,-0.05830417726661508,-0.01457604431665377,-0.002399698389598413,0.022098029071538173,-0.6596083419687157,0.38254158457499515,1.6204769421220275,100.0,0.25
543243,Sonny Gray,arm_angle_slope5,0.05719232997366936,0.01429808249341734,-0.011755187834610778,0.48244369730013303,0.029636789895759297,0.38254158457499515,1.6204769421220275,100.0,0.25
543243,Sonny Gray,pfx_x_slope5,0.04758675323162621,0.011896688307906552,-0.0010078802787654238,0.049210563779735025,0.24175070135663887,0.38254158457499515,1.6204769421220275,100.0,0.25
543243,Sonny Gray,pfx_z_slope5,-0.03677907822343845,-0.009194769555859612,0.0013009756355676996,0.0422802749074859,-0.21747184889357565,0.38254158457499515,1.6204769421220275,100.0,0.25
543243,Sonny Gray,breaking_share_slope5,0.14209769643121684,0.03552442410780421,-0.0008159267577878128,0.020969519752543485,1.6940981256137397,0.38254158457499515,1.6204769421220275,100.0,0.25
543243,Sonny Gray,offspeed_share_slope5,0.17415921577191815,0.04353980394297954,0.0001907023387902071,0.01313423964071879,3.314984737144385,0.38254158457499515,1.6204769421220275,100.0,0.25
554430,Zack Wheeler,prior_minus_ewma4,-0.509690056769344,-0.127422514192336,0.07076885592144495,3.391728327287722,-0.03756860865511375,0.14133561486984716,0.037286388031806623,100.0,0.25
554430,Zack Wheeler,mean5_minus_ewma4,0.07042159658029407,0.017605399145073516,-0.030675163311121755,1.533818316618778,0.011478151587003925,0.14133561486984716,0.037286388031806623,100.0,0.25
554430,Zack Wheeler,stuff_plus_slope_last5,-0.3772440371870979,-0.09431100929677448,0.03185622338328947,1.7390904177486386,-0.05423007816860148,0.14133561486984716,0.037286388031806623,100.0,0.25
554430,Zack Wheeler,prev_start_pitch_count,-0.07831819199480995,-0.019579547998702488,99.22608695652174,8.5170528374501,-0.0022988642165761605,0.14133561486984716,0.037286388031806623,100.0,0.25
554430,Zack Wheeler,rest_days,-0.040978510634436506,-0.010244627658609127,5.852173913043479,1.2527776322401394,-0.008177530788357323,0.14133561486984716,0.037286388031806623,100.0,0.25
554430,Zack Wheeler,workload_density_3starts,0.12240349524472627,0.030600873811181567,16.975236743969756,1.9284921495859086,0.01586777204032294,0.14133561486984716,0.037286388031806623,100.0,0.25
554430,Zack Wheeler,release_speed_slope5,0.35312582817318383,0.08828145704329596,0.03466708088493674,0.28646318264625215,0.3081773239680613,0.14133561486984716,0.037286388031806623,100.0,0.25
554430,Zack Wheeler,release_spin_rate_slope5,0.5503312436270377,0.13758281090675942,1.5244883894277061,15.867529455389692,0.008670714070111711,0.14133561486984716,0.037286388031806623,100.0,0.25
554430,Zack Wheeler,release_extension_slope5,-0.13503096549276764,-0.03375774137319191,0.001109761948100954,0.03758560654649978,-0.8981560888588521,0.14133561486984716,0.037286388031806623,100.0,0.25
554430,Zack Wheeler,release_pos_x_slope5,-0.022481320587684223,-0.005620330146921056,-0.0016479721670952367,0.02565170298373184,-0.2191016382220485,0.14133561486984716,0.037286388031806623,100.0,0.25
554430,Zack Wheeler,release_pos_z_slope5,0.451089162601427,0.11277229065035675,-0.00589640481084234,0.02755795264562179,4.092186821733044,0.14133561486984716,0.037286388031806623,100.0,0.25
554430,Zack Wheeler,arm_angle_slope5,-0.08102801292512186,-0.020257003231280466,-0.10282419014041663,0.32407913842244723,-0.06250634746157228,0.14133561486984716,0.037286388031806623,100.0,0.25
554430,Zack Wheeler,pfx_x_slope5,0.15511351537521595,0.03877837884380399,0.002123076705079911,0.042932268876680425,0.9032455041030288,0.14133561486984716,0.037286388031806623,100.0,0.25
554430,Zack Wheeler,pfx_z_slope5,-0.16714728339263032,-0.04178682084815758,-0.0005160500290396455,0.033384179040230416,-1.2516953254354812,0.14133561486984716,0.037286388031806623,100.0,0.25
554430,Zack Wheeler,breaking_share_slope5,-0.04833460934752484,-0.01208365233688121,0.00018448469719825568,0.015427811493093455,-0.7832382669629248,0.14133561486984716,0.037286388031806623,100.0,0.25
554430,Zack Wheeler,offspeed_share_slope5,-0.0503771848741164,-0.0125942962185291,-0.0010947777898473868,0.009800323587503261,-1.2850898346446982,0.14133561486984716,0.037286388031806623,100.0,0.25
571578,Patrick Corbin,prior_minus_ewma4,-0.5462805883448245,-0.13657014708620613,0.08698679563472934,2.796904099655694,-0.04882904176193179,0.48200343235032217,-0.0091510426818745,100.0,0.25
571578,Patrick Corbin,mean5_minus_ewma4,0.2669176211882329,0.06672940529705823,-0.00982517338520042,1.08992572879821,0.06122380959905992,0.48200343235032217,-0.0091510426818745,100.0,0.25
571578,Patrick Corbin,stuff_plus_slope_last5,-0.1287665816329211,-0.032191645408230274,0.07655356395653466,1.2546808113704444,-0.025657238969860753,0.48200343235032217,-0.0091510426818745,100.0,0.25
571578,Patrick Corbin,prev_start_pitch_count,-0.12184379328564467,-0.030460948321411167,89.81512605042016,14.0413353686069,-0.0021693768806003047,0.48200343235032217,-0.0091510426818745,100.0,0.25
571578,Patrick Corbin,rest_days,0.42624621954249176,0.10656155488562294,5.857142857142857,1.1173626983929184,0.09536881358120189,0.48200343235032217,-0.0091510426818745,100.0,0.25
571578,Patrick Corbin,workload_density_3starts,-0.09967098138989457,-0.02491774534747364,15.632098179461945,1.8541516281285546,-0.013438893006082678,0.48200343235032217,-0.0091510426818745,100.0,0.25
571578,Patrick Corbin,release_speed_slope5,0.0178826173697881,0.004470654342447025,0.02371818289529586,0.32239452770274163,0.01386702923992902,0.48200343235032217,-0.0091510426818745,100.0,0.25
571578,Patrick Corbin,release_spin_rate_slope5,0.15406427118769034,0.038516067796922585,-0.2707910364605919,15.662219527916774,0.0024591704725036244,0.48200343235032217,-0.0091510426818745,100.0,0.25
571578,Patrick Corbin,release_extension_slope5,0.3068961742360113,0.07672404355900282,-0.0014288341708913784,0.03002456692913546,2.5553755276500185,0.48200343235032217,-0.0091510426818745,100.0,0.25
571578,Patrick Corbin,release_pos_x_slope5,-0.15526011685551303,-0.038815029213878256,0.0009010923747513253,0.02872420750925514,-1.3513002648157233,0.48200343235032217,-0.0091510426818745,100.0,0.25
571578,Patrick Corbin,release_pos_z_slope5,0.4199887493138462,0.10499718732846156,-0.0015348636382706855,0.02223733379803135,4.72166260047582,0.48200343235032217,-0.0091510426818745,100.0,0.25
571578,Patrick Corbin,arm_angle_slope5,0.23382421965318181,0.058456054913295454,-0.04165735630630365,0.41961895574001173,0.13930746958322293,0.48200343235032217,-0.0091510426818745,100.0,0.25
571578,Patrick Corbin,pfx_x_slope5,-0.01859358321320215,-0.004648395803300538,0.002388384133273247,0.03931004574877463,-0.11824956483154023,0.48200343235032217,-0.0091510426818745,100.0,0.25
571578,Patrick Corbin,pfx_z_slope5,-0.1504774126591432,-0.0376193531647858,-0.001352980296929463,0.029003026766979023,-1.2970836963684345,0.48200343235032217,-0.0091510426818745,100.0,0.25
571578,Patrick Corbin,breaking_share_slope5,0.16808407948511794,0.042021019871279486,-0.00024834299645756113,0.024778395923196295,1.695873292263504,0.48200343235032217,-0.0091510426818745,100.0,0.25
571578,Patrick Corbin,offspeed_share_slope5,0.026967173082729973,0.006741793270682493,3.773320159063925e-06,0.01224909100691137,0.5503913120474438,0.48200343235032217,-0.0091510426818745,100.0,0.25
592332,Kevin Gausman,prior_minus_ewma4,-0.48072912874840074,-0.12018228218710018,-0.368119184371018,3.8709477398912537,-0.031047249992188337,-0.366154863852125,0.8011810939414936,100.0,0.25
592332,Kevin Gausman,mean5_minus_ewma4,0.1393409622236829,0.03483524055592072,0.1336539810351275,1.6373824604657636,0.021274956460698633,-0.366154863852125,0.8011810939414936,100.0,0.25
592332,Kevin Gausman,stuff_plus_slope_last5,-0.39385729536746106,-0.09846432384186526,-0.1506086424863979,1.8595167054392785,-0.052951567229187535,-0.366154863852125,0.8011810939414936,100.0,0.25
592332,Kevin Gausman,prev_start_pitch_count,-0.28848746852656865,-0.07212186713164216,94.81666666666666,11.818758630057369,-0.006102321689540425,-0.366154863852125,0.8011810939414936,100.0,0.25
592332,Kevin Gausman,rest_days,-0.7301444103097077,-0.18253610257742692,5.916666666666667,1.3698134503971293,-0.13325617625123112,-0.366154863852125,0.8011810939414936,100.0,0.25
592332,Kevin Gausman,workload_density_3starts,0.25244422061397764,0.06311105515349441,16.262753046190603,2.1741219529117184,0.029028295799585754,-0.366154863852125,0.8011810939414936,100.0,0.25
592332,Kevin Gausman,release_speed_slope5,-0.5342269706734224,-0.1335567426683556,0.056340746573706274,0.44242896921627906,-0.3018716041694528,-0.366154863852125,0.8011810939414936,100.0,0.25
592332,Kevin Gausman,release_spin_rate_slope5,0.002231832733752325,0.0005579581834380812,0.721355413390894,25.186564106807126,2.215300908341376e-05,-0.366154863852125,0.8011810939414936,100.0,0.25
592332,Kevin Gausman,release_extension_slope5,0.21891255411441896,0.05472813852860474,0.0035255935123452145,0.0316772182287608,1.727681330266407,-0.366154863852125,0.8011810939414936,100.0,0.25
592332,Kevin Gausman,release_pos_x_slope5,0.10621294941146593,0.026553237352866483,0.0021761633061554543,0.02379796319709437,1.1157777299239005,-0.366154863852125,0.8011810939414936,100.0,0.25
592332,Kevin Gausman,release_pos_z_slope5,0.18545580136908402,0.046363950342271004,-0.0037790997450706074,0.029335591123886708,1.580467567415706,-0.366154863852125,0.8011810939414936,100.0,0.25
592332,Kevin Gausman,arm_angle_slope5,0.20708734463872303,0.051771836159680756,-0.09003115723497651,0.47668393474361964,0.10860830916721746,-0.366154863852125,0.8011810939414936,100.0,0.25
592332,Kevin Gausman,pfx_x_slope5,-0.06898217675180007,-0.017245544187950018,-8.382969002393798e-06,0.03425850655996475,-0.5033945118933919,-0.366154863852125,0.8011810939414936,100.0,0.25
592332,Kevin Gausman,pfx_z_slope5,0.4597985120939506,0.11494962802348765,0.0014199738151840942,0.03369357380453262,3.4116187463623726,-0.366154863852125,0.8011810939414936,100.0,0.25
592332,Kevin Gausman,breaking_share_slope5,0.026989577791265082,0.0067473944478162705,-0.00029733443308793797,0.01825229731894913,0.36967370900819563,-0.366154863852125,0.8011810939414936,100.0,0.25
592332,Kevin Gausman,offspeed_share_slope5,0.07570580330362138,0.018926450825905345,-0.0006302790610007137,0.022569863360935978,0.8385717947527911,-0.366154863852125,0.8011810939414936,100.0,0.25
592791,Jameson Taillon,prior_minus_ewma4,-0.3928485227425195,-0.09821213068562988,-0.25462497657170924,2.8085528123710155,-0.034968945662345575,-0.483999258051617,-0.1618945212459501,100.0,0.25
592791,Jameson Taillon,mean5_minus_ewma4,0.245935001967695,0.06148375049192375,0.09990351546141601,1.1785203073399677,0.052170293637704396,-0.483999258051617,-0.1618945212459501,100.0,0.25
592791,Jameson Taillon,stuff_plus_slope_last5,-0.3611306682763321,-0.09028266706908303,-0.17628112238476473,1.3221461769016514,-0.06828493599751093,-0.483999258051617,-0.1618945212459501,100.0,0.25
592791,Jameson Taillon,prev_start_pitch_count,-0.21709858310193242,-0.054274645775483105,87.43564356435644,12.773282637532928,-0.004249075771329357,-0.483999258051617,-0.1618945212459501,100.0,0.25
592791,Jameson Taillon,rest_days,-0.033843345806291635,-0.008460836451572909,5.8316831683168315,1.1351216354824962,-0.007453682660164023,-0.483999258051617,-0.1618945212459501,100.0,0.25
592791,Jameson Taillon,workload_density_3starts,0.26023977372911117,0.06505994343227779,14.97965362215125,2.324341888575532,0.027990694377645814,-0.483999258051617,-0.1618945212459501,100.0,0.25
592791,Jameson Taillon,release_speed_slope5,-0.248058351079384,-0.062014587769846,-0.002896901223900455,0.30469690385635906,-0.2035287755962268,-0.483999258051617,-0.1618945212459501,100.0,0.25
592791,Jameson Taillon,release_spin_rate_slope5,-0.22570200824615763,-0.05642550206153941,-1.0039872055500603,15.98496230273433,-0.0035299114876165497,-0.483999258051617,-0.1618945212459501,100.0,0.25
592791,Jameson Taillon,release_extension_slope5,-0.2248710480281865,-0.056217762007046625,0.002761023792595035,0.030261051885344392,-1.8577596780194288,-0.483999258051617,-0.1618945212459501,100.0,0.25
592791,Jameson Taillon,release_pos_x_slope5,0.16049790999218427,0.04012447749804607,0.008795168388084681,0.03226989341565145,1.243402851730059,-0.483999258051617,-0.1618945212459501,100.0,0.25
592791,Jameson Taillon,release_pos_z_slope5,-0.07056201047905858,-0.017640502619764645,-0.0020217705922842186,0.022054507704660314,-0.7998592784747152,-0.483999258051617,-0.1618945212459501,100.0,0.25
592791,Jameson Taillon,arm_angle_slope5,-0.07000550178147433,-0.017501375445368582,-0.027463691820557894,0.3037820467215855,-0.057611618705724545,-0.483999258051617,-0.1618945212459501,100.0,0.25
592791,Jameson Taillon,pfx_x_slope5,0.0478550952682781,0.011963773817069525,-0.0045402366622751475,0.04352125374157979,0.2748949717328444,-0.483999258051617,-0.1618945212459501,100.0,0.25
592791,Jameson Taillon,pfx_z_slope5,0.036150312322063304,0.009037578080515826,-0.0018245923572332411,0.0451514234356055,0.20016153185967941,-0.483999258051617,-0.1618945212459501,100.0,0.25
592791,Jameson Taillon,breaking_share_slope5,0.0702155812251797,0.017553895306294923,-0.002614655900409452,0.024651087613774016,0.7120941510299338,-0.483999258051617,-0.1618945212459501,100.0,0.25
592791,Jameson Taillon,offspeed_share_slope5,0.09249311625256347,0.023123279063140868,0.00043605772833129903,0.013022224600611674,1.7756781020390888,-0.483999258051617,-0.1618945212459501,100.0,0.25
605135,Chris Bassitt,prior_minus_ewma4,-0.16545763319613668,-0.04136440829903417,0.13602394419587432,3.2068582625360285,-0.01289873293817564,0.09227733880714065,-0.008182278223566118,100.0,0.25
605135,Chris Bassitt,mean5_minus_ewma4,0.10218918903543936,0.02554729725885984,-0.062191444760954256,1.512389807383264,0.01689200570788146,0.09227733880714065,-0.008182278223566118,100.0,0.25
605135,Chris Bassitt,stuff_plus_slope_last5,-0.47563478449286506,-0.11890869612321626,0.056431853765480385,1.7220802585011603,-0.06904945082333754,0.09227733880714065,-0.008182278223566118,100.0,0.25
605135,Chris Bassitt,prev_start_pitch_count,-0.15591297972637883,-0.038978244931594706,95.78070175438596,9.712316987306723,-0.00401327973361417,0.09227733880714065,-0.008182278223566118,100.0,0.25
605135,Chris Bassitt,rest_days,0.24770623408469947,0.06192655852117487,5.885964912280702,1.1829102673166882,0.05235101954237744,0.09227733880714065,-0.008182278223566118,100.0,0.25
605135,Chris Bassitt,workload_density_3starts,0.014862190413931152,0.003715547603482788,16.55173546719396,1.8127129989613342,0.0020497164226282697,0.09227733880714065,-0.008182278223566118,100.0,0.25
605135,Chris Bassitt,release_speed_slope5,-0.02969575768906719,-0.007423939422266797,-0.020591011739290965,0.33596735384214743,-0.022097204794948314,0.09227733880714065,-0.008182278223566118,100.0,0.25
605135,Chris Bassitt,release_spin_rate_slope5,0.43041968257553914,0.10760492064388479,-0.3733761128409326,13.629908849141234,0.007894764509057193,0.09227733880714065,-0.008182278223566118,100.0,0.25
605135,Chris Bassitt,release_extension_slope5,0.33348363051281793,0.08337090762820448,-0.0014129115420183618,0.03417007484496689,2.4398807437931227,0.09227733880714065,-0.008182278223566118,100.0,0.25
605135,Chris Bassitt,release_pos_x_slope5,-0.22227637038160714,-0.055569092595401784,-0.013681551988615074,0.07621950272673043,-0.7290665854201843,0.09227733880714065,-0.008182278223566118,100.0,0.25
605135,Chris Bassitt,release_pos_z_slope5,-0.29612062904619435,-0.07403015726154859,-0.004265671855372185,0.02586680684961687,-2.861975105467844,0.09227733880714065,-0.008182278223566118,100.0,0.25
605135,Chris Bassitt,arm_angle_slope5,-0.5367990270757672,-0.1341997567689418,-0.1479901133266942,0.46404191565108266,-0.28919748893944275,0.09227733880714065,-0.008182278223566118,100.0,0.25
605135,Chris Bassitt,pfx_x_slope5,-0.2793710567754568,-0.0698427641938642,0.0038402797193265855,0.04653225982872124,-1.5009536276756317,0.09227733880714065,-0.008182278223566118,100.0,0.25
605135,Chris Bassitt,pfx_z_slope5,-0.29015761862967443,-0.07253940465741861,-0.006113136755189741,0.02567047863264977,-2.825790889818361,0.09227733880714065,-0.008182278223566118,100.0,0.25
605135,Chris Bassitt,breaking_share_slope5,0.39587269235933153,0.09896817308983288,0.0018326115212762629,0.01867788493167226,5.298682021646448,0.09227733880714065,-0.008182278223566118,100.0,0.25
605135,Chris Bassitt,offspeed_share_slope5,-0.2617460738548311,-0.06543651846370778,-4.433740055781113e-06,0.012464006620948272,-5.2500388080449625,0.09227733880714065,-0.008182278223566118,100.0,0.25
607536,Kyle Freeland,prior_minus_ewma4,-0.17439542974809452,-0.04359885743702363,-0.10435475026670486,3.114563546954984,-0.013998384293571064,0.028320004577168822,1.1523197482463674,100.0,0.25
607536,Kyle Freeland,mean5_minus_ewma4,0.41576856841960314,0.10394214210490078,-0.005714317419553158,1.2382834519638575,0.08394050807999864,0.028320004577168822,1.1523197482463674,100.0,0.25
607536,Kyle Freeland,stuff_plus_slope_last5,-0.40996769484779705,-0.10249192371194926,-0.02149990052572095,1.465912269568093,-0.06991681960759277,0.028320004577168822,1.1523197482463674,100.0,0.25
607536,Kyle Freeland,prev_start_pitch_count,-0.00624945843775121,-0.0015623646094378024,87.37894736842105,13.210983426773842,-0.00011826255161833445,0.028320004577168822,1.1523197482463674,100.0,0.25
607536,Kyle Freeland,rest_days,0.04555164314913885,0.011387910787284712,5.88421052631579,1.6661531988369074,0.006834852158393525,0.028320004577168822,1.1523197482463674,100.0,0.25
607536,Kyle Freeland,workload_density_3starts,-0.5965269889091186,-0.14913174722727965,14.985502996084925,1.9151160377593195,-0.07787086750198352,0.028320004577168822,1.1523197482463674,100.0,0.25
607536,Kyle Freeland,release_speed_slope5,0.2235785624410817,0.05589464061027043,-0.005131684390196878,0.27954724540697606,0.19994702694672156,0.028320004577168822,1.1523197482463674,100.0,0.25
607536,Kyle Freeland,release_spin_rate_slope5,-0.30460552932634816,-0.07615138233158704,2.1058033149034014,20.630371146231926,-0.003691226967843274,0.028320004577168822,1.1523197482463674,100.0,0.25
607536,Kyle Freeland,release_extension_slope5,-0.46605643644127126,-0.11651410911031782,-0.0008630433874051061,0.025067209959763474,-4.64806850452603,0.028320004577168822,1.1523197482463674,100.0,0.25
607536,Kyle Freeland,release_pos_x_slope5,0.10341453559879075,0.02585363389969769,-0.001120122892263412,0.0525829096568298,0.4916737028898829,0.028320004577168822,1.1523197482463674,100.0,0.25
607536,Kyle Freeland,release_pos_z_slope5,-0.14497751365612882,-0.036244378414032205,0.0021245562363613607,0.027158337453888088,-1.334558069895524,0.028320004577168822,1.1523197482463674,100.0,0.25
607536,Kyle Freeland,arm_angle_slope5,-0.22802754870604677,-0.05700688717651169,0.012903554136275298,0.5991325708446752,-0.09514903704223869,0.028320004577168822,1.1523197482463674,100.0,0.25
607536,Kyle Freeland,pfx_x_slope5,-0.14343577294733126,-0.035858943236832815,-0.0011355431516461719,0.03840014380773747,-0.93382314963121,0.028320004577168822,1.1523197482463674,100.0,0.25
607536,Kyle Freeland,pfx_z_slope5,-0.18579986981298358,-0.046449967453245894,-0.000690241955332336,0.031123105648938217,-1.4924592673106374,0.028320004577168822,1.1523197482463674,100.0,0.25
607536,Kyle Freeland,breaking_share_slope5,-0.06061840096781696,-0.01515460024195424,0.0002592871879630008,0.0179751104405754,-0.8430880184049164,0.028320004577168822,1.1523197482463674,100.0,0.25
607536,Kyle Freeland,offspeed_share_slope5,0.12164960737731326,0.030412401844328314,-0.002075724107484339,0.02007525644766674,1.5149197183910952,0.028320004577168822,1.1523197482463674,100.0,0.25
608379,Michael Wacha,prior_minus_ewma4,-0.26787017274531355,-0.06696754318632839,0.32565256199580683,3.251333682996666,-0.02059694565849858,0.6320235416520102,0.9636365191645632,100.0,0.25
608379,Michael Wacha,mean5_minus_ewma4,0.445096865711297,0.11127421642782424,-0.16459113926843486,1.363552485345276,0.08160611169994501,0.6320235416520102,0.9636365191645632,100.0,0.25
608379,Michael Wacha,stuff_plus_slope_last5,-0.4838462506342547,-0.12096156265856367,0.2393024169555929,1.5421741803086197,-0.07843573326740359,0.6320235416520102,0.9636365191645632,100.0,0.25
608379,Michael Wacha,prev_start_pitch_count,-0.279842453576485,-0.06996061339412125,87.46835443037975,12.746640602887853,-0.00548855306850584,0.6320235416520102,0.9636365191645632,100.0,0.25
608379,Michael Wacha,rest_days,-0.09559803070050822,-0.023899507675127055,6.518987341772152,2.746047836684343,-0.008703237924647375,0.6320235416520102,0.9636365191645632,100.0,0.25
608379,Michael Wacha,workload_density_3starts,-0.21205848620706097,-0.05301462155176524,14.118673119031037,3.2717775366934596,-0.016203614383068096,0.6320235416520102,0.9636365191645632,100.0,0.25
608379,Michael Wacha,release_speed_slope5,0.23490306348846307,0.05872576587211577,0.010570859123330464,0.3283848769341183,0.17883212655952344,0.6320235416520102,0.9636365191645632,100.0,0.25
608379,Michael Wacha,release_spin_rate_slope5,0.18946994048853324,0.04736748512213331,-0.8017156084024938,13.559205742737877,0.003493381988653921,0.6320235416520102,0.9636365191645632,100.0,0.25
608379,Michael Wacha,release_extension_slope5,-0.11685435129014027,-0.029213587822535067,-0.00012631531701888328,0.033980823289566704,-0.8597080645631283,0.6320235416520102,0.9636365191645632,100.0,0.25
608379,Michael Wacha,release_pos_x_slope5,-0.1566054928096017,-0.039151373202400426,-0.0008795069762917774,0.031244047336434145,-1.2530826362161291,0.6320235416520102,0.9636365191645632,100.0,0.25
608379,Michael Wacha,release_pos_z_slope5,-0.0014424163786391584,-0.0003606040946597896,-0.0037283852860321054,0.026568366368702977,-0.013572686015222006,0.6320235416520102,0.9636365191645632,100.0,0.25
608379,Michael Wacha,arm_angle_slope5,0.1662753357502296,0.0415688339375574,-0.03494262117705986,0.4460245484081411,0.09319853377110367,0.6320235416520102,0.9636365191645632,100.0,0.25
608379,Michael Wacha,pfx_x_slope5,0.007816369935918823,0.001954092483979706,-0.007941586284063528,0.03285072358926084,0.05948400127839236,0.6320235416520102,0.9636365191645632,100.0,0.25
608379,Michael Wacha,pfx_z_slope5,0.13152781166201913,0.03288195291550478,0.003105901025193805,0.039701399807775636,0.8282315755794776,0.6320235416520102,0.9636365191645632,100.0,0.25
608379,Michael Wacha,breaking_share_slope5,-0.0406938407399749,-0.010173460184993726,0.00011624043915235913,0.013603638918138754,-0.747848443068324,0.6320235416520102,0.9636365191645632,100.0,0.25
608379,Michael Wacha,offspeed_share_slope5,0.04286219392990347,0.010715548482475867,-0.00043195371006370364,0.01892130341765376,0.5663218989701394,0.6320235416520102,0.9636365191645632,100.0,0.25
621244,José Berríos,prior_minus_ewma4,0.1760622263288842,0.04401555658222105,-0.028532555086506137,3.712812777962435,0.011855043390142737,-0.009610614575066104,1.2458002950427862,100.0,0.25
621244,José Berríos,mean5_minus_ewma4,0.11819800137800086,0.029549500344500216,0.022652741502836988,1.9033291361537161,0.015525165765188888,-0.009610614575066104,1.2458002950427862,100.0,0.25
621244,José Berríos,stuff_plus_slope_last5,-0.5540339263894415,-0.13850848159736037,-0.15937553982497607,2.162758925269003,-0.06404249682156912,-0.009610614575066104,1.2458002950427862,100.0,0.25
621244,José Berríos,prev_start_pitch_count,-0.5197768120051696,-0.1299442030012924,91.936,10.400572291946247,-0.01249394738613716,-0.009610614575066104,1.2458002950427862,100.0,0.25
621244,José Berríos,rest_days,0.18415380657551245,0.04603845164387811,5.792,0.888108101528186,0.05183879255763887,-0.009610614575066104,1.2458002950427862,100.0,0.25
621244,José Berríos,workload_density_3starts,-0.16162333566776885,-0.04040583391694221,15.894030301243307,1.6330699206024815,-0.02474225592376073,-0.009610614575066104,1.2458002950427862,100.0,0.25
621244,José Berríos,release_speed_slope5,-0.30098193660093614,-0.07524548415023403,0.0014605531795525834,0.28883852472937066,-0.26051055419541364,-0.009610614575066104,1.2458002950427862,100.0,0.25
621244,José Berríos,release_spin_rate_slope5,0.3039348889786817,0.07598372224467043,-0.5715882934857731,18.85855523459094,0.004029138038384762,-0.009610614575066104,1.2458002950427862,100.0,0.25
621244,José Berríos,release_extension_slope5,0.1615922134043088,0.0403980533510772,-0.0035267706686457775,0.03103467857783413,1.301706839004631,-0.009610614575066104,1.2458002950427862,100.0,0.25
621244,José Berríos,release_pos_x_slope5,-0.3026966825623729,-0.07567417064059323,0.004112040903391756,0.0793083571850916,-0.954176499507904,-0.009610614575066104,1.2458002950427862,100.0,0.25
621244,José Berríos,release_pos_z_slope5,-0.240701377998582,-0.0601753444996455,0.0009986653209809327,0.024259541974548427,-2.4804814766403114,-0.009610614575066104,1.2458002950427862,100.0,0.25
621244,José Berríos,arm_angle_slope5,0.1874442957016674,0.04686107392541685,-0.036399566373141214,0.3707523974293229,0.12639452704914753,-0.009610614575066104,1.2458002950427862,100.0,0.25
621244,José Berríos,pfx_x_slope5,0.0754845816820381,0.018871145420509525,-0.0033430130773919537,0.055842854726042376,0.3379330357140382,-0.009610614575066104,1.2458002950427862,100.0,0.25
621244,José Berríos,pfx_z_slope5,0.14407111908989673,0.03601777977247418,-0.0020783032960612013,0.03311244617496802,1.0877414366233837,-0.009610614575066104,1.2458002950427862,100.0,0.25
621244,José Berríos,breaking_share_slope5,-0.09728674397231955,-0.02432168599307989,-0.0011429592558591499,0.021375476787152205,-1.1378312743741235,-0.009610614575066104,1.2458002950427862,100.0,0.25
621244,José Berríos,offspeed_share_slope5,0.30665037551857116,0.07666259387964279,0.0007714698260243325,0.01647469798089737,4.653353522385301,-0.009610614575066104,1.2458002950427862,100.0,0.25
622491,Luis Castillo,prior_minus_ewma4,-0.7311049857385384,-0.1827762464346346,0.28712740591134794,4.050988757759447,-0.04511892216055568,0.473893866385601,2.8470714901250167,100.0,0.25
622491,Luis Castillo,mean5_minus_ewma4,-0.1676699289576327,-0.04191748223940817,-0.20685702973918235,1.846929781355748,-0.02269576389018885,0.473893866385601,2.8470714901250167,100.0,0.25
622491,Luis Castillo,stuff_plus_slope_last5,-0.27446388326596044,-0.06861597081649011,0.14959365211259998,2.152484172432201,-0.03187757275769301,0.473893866385601,2.8470714901250167,100.0,0.25
622491,Luis Castillo,prev_start_pitch_count,-0.39979697451073587,-0.09994924362768397,98.63559322033899,8.27254521348216,-0.012082042593710086,0.473893866385601,2.8470714901250167,100.0,0.25
622491,Luis Castillo,rest_days,-0.6696036941164346,-0.16740092352910865,5.779661016949152,1.0095778041922319,-0.16581280098867363,0.473893866385601,2.8470714901250167,100.0,0.25
622491,Luis Castillo,workload_density_3starts,-0.22500423396392988,-0.05625105849098247,17.116029399991653,1.6176923551490885,-0.03477240793772454,0.473893866385601,2.8470714901250167,100.0,0.25
622491,Luis Castillo,release_speed_slope5,-0.4322790112325235,-0.10806975280813087,0.022315304462409383,0.30915812290819644,-0.34956142116382904,0.473893866385601,2.8470714901250167,100.0,0.25
622491,Luis Castillo,release_spin_rate_slope5,0.17713411090052011,0.04428352772513003,0.5469236088647936,18.95705997816846,0.002335991328619961,0.473893866385601,2.8470714901250167,100.0,0.25
622491,Luis Castillo,release_extension_slope5,0.2684075569702965,0.06710188924257413,0.0012811850298307806,0.0286887727213036,2.3389599093148328,0.473893866385601,2.8470714901250167,100.0,0.25
622491,Luis Castillo,release_pos_x_slope5,0.3417834378561614,0.08544585946404035,0.007763213774555036,0.057498652075553276,1.486049783423869,0.473893866385601,2.8470714901250167,100.0,0.25
622491,Luis Castillo,release_pos_z_slope5,-0.24915121274968582,-0.062287803187421456,-0.0037059267790222083,0.022156232291512642,-2.8112994288871924,0.473893866385601,2.8470714901250167,100.0,0.25
622491,Luis Castillo,arm_angle_slope5,-0.3495580441124409,-0.08738951102811023,-0.06652607057761815,0.41025438679634146,-0.2130129837502314,0.473893866385601,2.8470714901250167,100.0,0.25
622491,Luis Castillo,pfx_x_slope5,0.1382814009098587,0.03457035022746467,0.0004995718514506186,0.04252229548545839,0.8129935092353353,0.473893866385601,2.8470714901250167,100.0,0.25
622491,Luis Castillo,pfx_z_slope5,0.4088117518814516,0.1022029379703629,1.4510207458788265e-05,0.034671462854578186,2.9477538458365777,0.473893866385601,2.8470714901250167,100.0,0.25
622491,Luis Castillo,breaking_share_slope5,-0.1875436652778808,-0.0468859163194702,0.0011326220598299435,0.02050371410052154,-2.286703574269873,0.473893866385601,2.8470714901250167,100.0,0.25
622491,Luis Castillo,offspeed_share_slope5,0.04153006184279054,0.010382515460697635,-0.0017712586420634275,0.02295889795585816,0.4522218566701041,0.473893866385601,2.8470714901250167,100.0,0.25
656302,Dylan Cease,prior_minus_ewma4,-0.44619604793584455,-0.11154901198396114,0.05962085256859398,3.853826378649239,-0.028945001934170923,0.18791266853811103,-1.1513450183738518,100.0,0.25
656302,Dylan Cease,mean5_minus_ewma4,0.3512308828654282,0.08780772071635705,0.027767510707698808,1.5959014513094147,0.05502076625365059,0.18791266853811103,-1.1513450183738518,100.0,0.25
656302,Dylan Cease,stuff_plus_slope_last5,-0.41259904899209016,-0.10314976224802254,0.035047506027014674,1.8778866422428842,-0.05492864155251882,0.18791266853811103,-1.1513450183738518,100.0,0.25
656302,Dylan Cease,prev_start_pitch_count,0.36419643901064563,0.09104910975266141,96.7936507936508,11.31743805514407,0.008045028327880021,0.18791266853811103,-1.1513450183738518,100.0,0.25
656302,Dylan Cease,rest_days,0.2573411058947646,0.06433527647369115,5.674603174603175,0.7951176919908813,0.08091289770273276,0.18791266853811103,-1.1513450183738518,100.0,0.25
656302,Dylan Cease,workload_density_3starts,-0.01030055856184278,-0.002575139640460695,17.174284309683472,1.727944975709973,-0.0014902903024459036,0.18791266853811103,-1.1513450183738518,100.0,0.25
656302,Dylan Cease,release_speed_slope5,-0.33274163331610485,-0.08318540832902621,0.010572015345698762,0.3506222008807124,-0.2372508304382223,0.18791266853811103,-1.1513450183738518,100.0,0.25
656302,Dylan Cease,release_spin_rate_slope5,0.22030080429487323,0.055075201073718306,0.051228496371765936,27.818893075277625,0.001979776870513338,0.18791266853811103,-1.1513450183738518,100.0,0.25
656302,Dylan Cease,release_extension_slope5,0.10199272402358812,0.02549818100589703,0.0029542955123725094,0.031600665038658084,0.8068874808395426,0.18791266853811103,-1.1513450183738518,100.0,0.25
656302,Dylan Cease,release_pos_x_slope5,0.3079675157890557,0.07699187894726392,0.0021565914263700896,0.04483690459896434,1.7171541977731064,0.18791266853811103,-1.1513450183738518,100.0,0.25
656302,Dylan Cease,release_pos_z_slope5,-0.04845084095442797,-0.012112710238606992,-0.0010431291276266975,0.0217694456171094,-0.5564087598577693,0.18791266853811103,-1.1513450183738518,100.0,0.25
656302,Dylan Cease,arm_angle_slope5,0.08529557037313175,0.021323892593282937,0.016510888639406057,0.5193489915704788,0.04105888899254589,0.18791266853811103,-1.1513450183738518,100.0,0.25
656302,Dylan Cease,pfx_x_slope5,0.6655875674616584,0.1663968918654146,-0.001518885167549949,0.029565666891214596,5.62804459908392,0.18791266853811103,-1.1513450183738518,100.0,0.25
656302,Dylan Cease,pfx_z_slope5,-0.023411200407506938,-0.0058528001018767345,0.0008100686524087163,0.05749060182495873,-0.10180446744490027,0.18791266853811103,-1.1513450183738518,100.0,0.25
656302,Dylan Cease,breaking_share_slope5,-0.030826576638839833,-0.007706644159709958,0.0013701375722114015,0.02105177226687503,-0.36608054001402845,0.18791266853811103,-1.1513450183738518,100.0,0.25
656302,Dylan Cease,offspeed_share_slope5,0.5219035624728569,0.1304758906182142,-0.0008200893465559934,0.014039563866615094,9.293443290533757,0.18791266853811103,-1.1513450183738518,100.0,0.25
656605,Mitch Keller,prior_minus_ewma4,-0.21503593796171536,-0.05375898449042884,-0.16663954499715128,3.475123151877672,-0.015469663128738872,-0.020354063785713507,-1.0473009396654014,100.0,0.25
656605,Mitch Keller,mean5_minus_ewma4,0.25858373463358847,0.06464593365839712,0.11230028956569889,1.5455341267657718,0.04182756791898023,-0.020354063785713507,-1.0473009396654014,100.0,0.25
656605,Mitch Keller,stuff_plus_slope_last5,-0.3358862416478527,-0.08397156041196317,-0.12562863151810136,1.786509908187713,-0.0470031316518957,-0.020354063785713507,-1.0473009396654014,100.0,0.25
656605,Mitch Keller,prev_start_pitch_count,0.25848248265552415,0.06462062066388104,91.23469387755102,11.559783399927001,0.0055901238308919445,-0.020354063785713507,-1.0473009396654014,100.0,0.25
656605,Mitch Keller,rest_days,0.5960311355191659,0.14900778387979147,6.112244897959184,1.4769152426265144,0.10089122217656797,-0.020354063785713507,-1.0473009396654014,100.0,0.25
656605,Mitch Keller,workload_density_3starts,-0.05786089730223289,-0.014465224325558223,15.228469236752833,2.2734707251358337,-0.006362617369833942,-0.020354063785713507,-1.0473009396654014,100.0,0.25
656605,Mitch Keller,release_speed_slope5,-0.30612610782350674,-0.07653152695587669,-0.031551228056877094,0.44339290380819935,-0.17260431165804652,-0.020354063785713507,-1.0473009396654014,100.0,0.25
656605,Mitch Keller,release_spin_rate_slope5,-0.47614855687377466,-0.11903713921844367,1.058365881016812,14.486893076984712,-0.008216885331165841,-0.020354063785713507,-1.0473009396654014,100.0,0.25
656605,Mitch Keller,release_extension_slope5,0.09188304643783353,0.022970761609458382,0.0034507697551552563,0.031700365208080845,0.7246213555799297,-0.020354063785713507,-1.0473009396654014,100.0,0.25
656605,Mitch Keller,release_pos_x_slope5,-0.07994558406890125,-0.01998639601722531,-0.0013775820035648036,0.02287528910596808,-0.8737111878516514,-0.020354063785713507,-1.0473009396654014,100.0,0.25
656605,Mitch Keller,release_pos_z_slope5,-0.17616481708565027,-0.044041204271412566,-0.0053350996966889915,0.020417933129034553,-2.156986409598209,-0.020354063785713507,-1.0473009396654014,100.0,0.25
656605,Mitch Keller,arm_angle_slope5,0.19003034792482096,0.04750758698120524,-0.12381018830716713,0.3986019633292979,0.1191855318132432,-0.020354063785713507,-1.0473009396654014,100.0,0.25
656605,Mitch Keller,pfx_x_slope5,0.004424759371231878,0.0011061898428079695,0.0014460696844332734,0.062448020617399305,0.017713769497759907,-0.020354063785713507,-1.0473009396654014,100.0,0.25
656605,Mitch Keller,pfx_z_slope5,0.23852225924728251,0.05963056481182063,-0.0006745413667951462,0.04724446580669053,1.2621703683942604,-0.020354063785713507,-1.0473009396654014,100.0,0.25
656605,Mitch Keller,breaking_share_slope5,-0.4249762318176309,-0.10624405795440772,0.0011250170531060554,0.025618058365538796,-4.147233035323487,-0.020354063785713507,-1.0473009396654014,100.0,0.25
656605,Mitch Keller,offspeed_share_slope5,-0.342003229647256,-0.085500807411814,-0.0007654751938789813,0.008695411186275424,-9.83286535624283,-0.020354063785713507,-1.0473009396654014,100.0,0.25
657277,Logan Webb,prior_minus_ewma4,-0.2866564662795264,-0.0716641165698816,0.07306459038906464,3.6954434269752565,-0.019392562215067955,0.5196368785589607,1.2726320538359754,100.0,0.25
657277,Logan Webb,mean5_minus_ewma4,0.02723361654804367,0.006808404137010918,0.03753178604169401,1.6679164694168034,0.0040819814791993245,0.5196368785589607,1.2726320538359754,100.0,0.25
657277,Logan Webb,stuff_plus_slope_last5,-0.12956985918026645,-0.03239246479506661,0.01935897714377613,1.9337102589818163,-0.016751457279914662,0.5196368785589607,1.2726320538359754,100.0,0.25
657277,Logan Webb,prev_start_pitch_count,-0.14929183661127834,-0.037322959152819586,93.94017094017094,10.600185934742903,-0.0035209721209220296,0.5196368785589607,1.2726320538359754,100.0,0.25
657277,Logan Webb,rest_days,-0.1108363805808476,-0.0277090951452119,5.6068376068376065,0.9514475247915046,-0.02912309341630158,0.5196368785589607,1.2726320538359754,100.0,0.25
657277,Logan Webb,workload_density_3starts,-0.2927387455295441,-0.07318468638238602,16.83742565627241,1.916349043228708,-0.038189643291225706,0.5196368785589607,1.2726320538359754,100.0,0.25
657277,Logan Webb,release_speed_slope5,0.18253366830358056,0.04563341707589514,0.032447472588876404,0.2279199379989712,0.2002168721022604,0.5196368785589607,1.2726320538359754,100.0,0.25
657277,Logan Webb,release_spin_rate_slope5,-0.0852484923258712,-0.0213121230814678,-2.0611209022846873,30.47851844477214,-0.0006992506253243877,0.5196368785589607,1.2726320538359754,100.0,0.25
657277,Logan Webb,release_extension_slope5,0.44800302200391795,0.11200075550097949,-0.00011821389285763603,0.04514482315164976,2.480921347830921,0.5196368785589607,1.2726320538359754,100.0,0.25
657277,Logan Webb,release_pos_x_slope5,0.007772884035173801,0.0019432210087934503,-0.0016638025733640585,0.04273891161346724,0.04546725537533651,0.5196368785589607,1.2726320538359754,100.0,0.25
657277,Logan Webb,release_pos_z_slope5,-0.2319694340605033,-0.057992358515125825,-0.003941200139724537,0.025377832107914243,-2.285158096583062,0.5196368785589607,1.2726320538359754,100.0,0.25
657277,Logan Webb,arm_angle_slope5,0.33858704913258436,0.08464676228314609,-0.09574038815727093,0.49340337430008835,0.1715569181163805,0.5196368785589607,1.2726320538359754,100.0,0.25
657277,Logan Webb,pfx_x_slope5,0.453873948512444,0.113468487128111,-0.0015371746113112161,0.05163437046273039,2.1975379211800865,0.5196368785589607,1.2726320538359754,100.0,0.25
657277,Logan Webb,pfx_z_slope5,-0.2133604988857337,-0.05334012472143342,-0.0012607905402751691,0.025037736434294803,-2.130389257088438,0.5196368785589607,1.2726320538359754,100.0,0.25
657277,Logan Webb,breaking_share_slope5,0.13533741207903474,0.033834353019758685,-0.0017429422641771321,0.022613358124774705,1.496210904770066,0.5196368785589607,1.2726320538359754,100.0,0.25
657277,Logan Webb,offspeed_share_slope5,0.12585412186499634,0.031463530466249084,-0.0008400489517470184,0.02870651377376957,1.0960415017374463,0.5196368785589607,1.2726320538359754,100.0,0.25
663903,Brady Singer,prior_minus_ewma4,-0.46881574990005603,-0.11720393747501401,-0.1266000250771488,2.9458766214089627,-0.039785759058353694,-0.3609440868886039,-0.09273863698264864,100.0,0.25
663903,Brady Singer,mean5_minus_ewma4,0.16027386977059274,0.040068467442648185,0.05462519218855783,1.2423808898477418,0.032251355256727045,-0.3609440868886039,-0.09273863698264864,100.0,0.25
663903,Brady Singer,stuff_plus_slope_last5,-0.1815709674084829,-0.04539274185212072,-0.07210885781360213,1.4710137180002918,-0.03085813632916217,-0.3609440868886039,-0.09273863698264864,100.0,0.25
663903,Brady Singer,prev_start_pitch_count,0.287272551906615,0.07181813797665375,92.32692307692308,11.704241758778268,0.006136077796136568,-0.3609440868886039,-0.09273863698264864,100.0,0.25
663903,Brady Singer,rest_days,-0.44092783718611867,-0.11023195929652967,5.923076923076923,1.2457026723616644,-0.08848978310975804,-0.3609440868886039,-0.09273863698264864,100.0,0.25
663903,Brady Singer,workload_density_3starts,-0.026422888752823667,-0.006605722188205917,15.878833562840708,2.0227912180984373,-0.0032656470569492335,-0.3609440868886039,-0.09273863698264864,100.0,0.25
663903,Brady Singer,release_speed_slope5,0.34495637087567854,0.08623909271891964,-0.028139539996242705,0.23640946153132963,0.3647869766307597,-0.3609440868886039,-0.09273863698264864,100.0,0.25
663903,Brady Singer,release_spin_rate_slope5,-0.010234178813102481,-0.0025585447032756203,0.49622753295789457,13.17574363013941,-0.00019418598107988146,-0.3609440868886039,-0.09273863698264864,100.0,0.25
663903,Brady Singer,release_extension_slope5,-0.06815395331666273,-0.017038488329165682,0.003487138984277942,0.03665872864805365,-0.464786667665037,-0.3609440868886039,-0.09273863698264864,100.0,0.25
663903,Brady Singer,release_pos_x_slope5,-0.2342928878160158,-0.05857322195400395,0.000446768435539111,0.03133882191185384,-1.869030754211241,-0.3609440868886039,-0.09273863698264864,100.0,0.25
663903,Brady Singer,release_pos_z_slope5,-0.025635610106093776,-0.006408902526523444,-0.002668494200238428,0.02357301660930621,-0.2718745179178011,-0.3609440868886039,-0.09273863698264864,100.0,0.25
663903,Brady Singer,arm_angle_slope5,-0.29775960812398117,-0.07443990203099529,-0.061087152153177074,0.4758253773886361,-0.15644374085200505,-0.3609440868886039,-0.09273863698264864,100.0,0.25
663903,Brady Singer,pfx_x_slope5,0.3983988345112877,0.09959970862782193,0.0010016727118774943,0.038913678747350286,2.5595038000513863,-0.3609440868886039,-0.09273863698264864,100.0,0.25
663903,Brady Singer,pfx_z_slope5,-0.30054848304454723,-0.07513712076113681,-0.00018664788361334828,0.031576048391199076,-2.379560603348934,-0.3609440868886039,-0.09273863698264864,100.0,0.25
663903,Brady Singer,breaking_share_slope5,0.2322957992154315,0.058073949803857876,0.0005381856411700594,0.021351720242786167,2.7198721762701337,-0.3609440868886039,-0.09273863698264864,100.0,0.25
663903,Brady Singer,offspeed_share_slope5,-0.10815787753727851,-0.027039469384319628,-0.0004397159757262419,0.011850463808400043,-2.2817224558884406,-0.3609440868886039,-0.09273863698264864,100.0,0.25
664285,Framber Valdez,prior_minus_ewma4,-0.4690807349530185,-0.11727018373825462,0.059780890138097356,4.463187679112928,-0.026274983749184938,0.5612433908175847,-1.5894910319230229,100.0,0.25
664285,Framber Valdez,mean5_minus_ewma4,0.4490644607281323,0.11226611518203307,0.0023756024877347468,1.8589347018371907,0.060392715823250884,0.5612433908175847,-1.5894910319230229,100.0,0.25
664285,Framber Valdez,stuff_plus_slope_last5,-0.5015385292380256,-0.1253846323095064,0.052552310884728316,2.1234037503402776,-0.0590488889780916,0.5612433908175847,-1.5894910319230229,100.0,0.25
664285,Framber Valdez,prev_start_pitch_count,0.347937512649116,0.086984378162279,96.9047619047619,8.22137030580763,0.010580277365785684,0.5612433908175847,-1.5894910319230229,100.0,0.25
664285,Framber Valdez,rest_days,0.5521933090550525,0.13804832726376312,6.0,1.0510765456244873,0.13133993698027294,0.5612433908175847,-1.5894910319230229,100.0,0.25
664285,Framber Valdez,workload_density_3starts,-0.043206980170858014,-0.010801745042714504,16.135001538983243,1.6000670836006994,-0.006750807608895294,0.5612433908175847,-1.5894910319230229,100.0,0.25
664285,Framber Valdez,release_speed_slope5,0.12687847390451365,0.03171961847612841,-0.019122628274372288,0.3477880090113856,0.09120388758167335,0.5612433908175847,-1.5894910319230229,100.0,0.25
664285,Framber Valdez,release_spin_rate_slope5,0.7565089035793895,0.18912722589484737,0.7777284028245268,26.420831369955813,0.007158261723357862,0.5612433908175847,-1.5894910319230229,100.0,0.25
664285,Framber Valdez,release_extension_slope5,-0.2156199987497242,-0.05390499968743105,-0.0037169577240381666,0.029050229850167943,-1.8555791112654285,0.5612433908175847,-1.5894910319230229,100.0,0.25
664285,Framber Valdez,release_pos_x_slope5,-0.0466718916520611,-0.011667972913015275,-0.00546868114076413,0.03784456607585587,-0.308313032038151,0.5612433908175847,-1.5894910319230229,100.0,0.25
664285,Framber Valdez,release_pos_z_slope5,0.39564207440120813,0.09891051860030203,0.0025839011447698576,0.02394763051718318,4.130284143532723,0.5612433908175847,-1.5894910319230229,100.0,0.25
664285,Framber Valdez,arm_angle_slope5,0.18945234911351028,0.04736308727837757,0.019950915312493003,0.4898514120506183,0.09668868173739868,0.5612433908175847,-1.5894910319230229,100.0,0.25
664285,Framber Valdez,pfx_x_slope5,-0.5930061259878057,-0.14825153149695142,-0.001604891285041348,0.058089801040342955,-2.552109472607623,0.5612433908175847,-1.5894910319230229,100.0,0.25
664285,Framber Valdez,pfx_z_slope5,0.7191194187142929,0.17977985467857321,0.0005416640128389998,0.04436751284737486,4.052060689023059,0.5612433908175847,-1.5894910319230229,100.0,0.25
664285,Framber Valdez,breaking_share_slope5,0.12355662509717599,0.030889156274293998,0.0007693768621225273,0.02552229506466226,1.2102812931217384,0.5612433908175847,-1.5894910319230229,100.0,0.25
664285,Framber Valdez,offspeed_share_slope5,-0.1222231353206049,-0.030555783830151225,0.0014290439497774237,0.019053521320919448,-1.6036817192737538,0.5612433908175847,-1.5894910319230229,100.0,0.25
668678,Zac Gallen,prior_minus_ewma4,-0.1986845989901721,-0.049671149747543025,-0.24093541466739912,3.623044994640448,-0.013709779983693635,-0.017912011900936792,0.3172023843500728,100.0,0.25
668678,Zac Gallen,mean5_minus_ewma4,0.30519931312552023,0.07629982828138006,0.11225249217684388,1.6077030726894916,0.04745890555134645,-0.017912011900936792,0.3172023843500728,100.0,0.25
668678,Zac Gallen,stuff_plus_slope_last5,-0.32427208931252655,-0.08106802232813164,-0.3038134347802367,1.8403357454893432,-0.044050669844798204,-0.017912011900936792,0.3172023843500728,100.0,0.25
668678,Zac Gallen,prev_start_pitch_count,0.18855015953804674,0.047137539884511685,94.86792452830188,8.77719544292826,0.005370455766994474,-0.017912011900936792,0.3172023843500728,100.0,0.25
668678,Zac Gallen,rest_days,-0.6086390938454364,-0.1521597734613591,5.80188679245283,1.2769347977677201,-0.1191601746051231,-0.017912011900936792,0.3172023843500728,100.0,0.25
668678,Zac Gallen,workload_density_3starts,-0.08529088860601287,-0.02132272215150322,16.535741152941334,2.0658183313430873,-0.01032168309671272,-0.017912011900936792,0.3172023843500728,100.0,0.25
668678,Zac Gallen,release_speed_slope5,0.005217244664469913,0.0013043111661174783,-0.012775959498416863,0.3253086010740512,0.004009457978704268,-0.017912011900936792,0.3172023843500728,100.0,0.25
668678,Zac Gallen,release_spin_rate_slope5,-0.0016423253872472766,-0.00041058134681181915,1.303700304068458,21.195625908625203,-1.9371041392306325e-05,-0.017912011900936792,0.3172023843500728,100.0,0.25
668678,Zac Gallen,release_extension_slope5,-0.20269259012535512,-0.05067314753133878,0.0016678363342173689,0.03329378112510783,-1.5220003802188948,-0.017912011900936792,0.3172023843500728,100.0,0.25
668678,Zac Gallen,release_pos_x_slope5,-0.1808671382666202,-0.04521678456665505,0.0006615726890915588,0.04008010643348594,-1.1281602917320985,-0.017912011900936792,0.3172023843500728,100.0,0.25
668678,Zac Gallen,release_pos_z_slope5,-0.01469458827913662,-0.003673647069784155,0.0013408961307149686,0.02441698889042364,-0.15045454975101216,-0.017912011900936792,0.3172023843500728,100.0,0.25
668678,Zac Gallen,arm_angle_slope5,-0.22301278655266743,-0.05575319663816686,-0.028196416999349258,0.6201464129673999,-0.08990328005186367,-0.017912011900936792,0.3172023843500728,100.0,0.25
668678,Zac Gallen,pfx_x_slope5,0.02126723794804432,0.00531680948701108,0.005502623392031809,0.036155962763786,0.147052078843726,-0.017912011900936792,0.3172023843500728,100.0,0.25
668678,Zac Gallen,pfx_z_slope5,-0.039018522158060384,-0.009754630539515096,-0.005834652451330319,0.046770325155536425,-0.20856452263429248,-0.017912011900936792,0.3172023843500728,100.0,0.25
668678,Zac Gallen,breaking_share_slope5,0.325612419711198,0.0814031049277995,0.0016745481043321155,0.02107925219774955,3.8617643626129303,-0.017912011900936792,0.3172023843500728,100.0,0.25
668678,Zac Gallen,offspeed_share_slope5,-0.12928262667303433,-0.032320656668258584,-0.0007527678254413922,0.017532545285384747,-1.8434663160517435,-0.017912011900936792,0.3172023843500728,100.0,0.25
669302,Logan Gilbert,prior_minus_ewma4,-0.11447406432802819,-0.028618516082007047,0.15574201526701129,3.4122503457007505,-0.008386991921054332,0.6313447145190141,0.05992050657795783,100.0,0.25
669302,Logan Gilbert,mean5_minus_ewma4,0.07647123984315447,0.01911780996078862,-0.06979999340120076,1.6371091870959946,0.011677785520647507,0.6313447145190141,0.05992050657795783,100.0,0.25
669302,Logan Gilbert,stuff_plus_slope_last5,-0.42446467355063183,-0.10611616838765796,0.07129844487172744,1.8942583579473096,-0.056019902429069644,0.6313447145190141,0.05992050657795783,100.0,0.25
669302,Logan Gilbert,prev_start_pitch_count,0.21858728957388993,0.05464682239347248,92.50925925925925,10.759574005723294,0.005078902042441869,0.6313447145190141,0.05992050657795783,100.0,0.25
669302,Logan Gilbert,rest_days,-0.07555189998446857,-0.018887974996117142,5.777777777777778,0.8534606386520668,-0.022131044058397716,0.6313447145190141,0.05992050657795783,100.0,0.25
669302,Logan Gilbert,workload_density_3starts,-0.11055628446100553,-0.027639071115251383,16.014346105120527,1.8759289158913452,-0.014733538611786211,0.6313447145190141,0.05992050657795783,100.0,0.25
669302,Logan Gilbert,release_speed_slope5,0.11754661125642729,0.029386652814106823,0.023461354478570253,0.32827362244435926,0.08951877581662143,0.6313447145190141,0.05992050657795783,100.0,0.25
669302,Logan Gilbert,release_spin_rate_slope5,0.37691470497367174,0.09422867624341794,-0.4987212108242144,27.45393052475723,0.003432247202579791,0.6313447145190141,0.05992050657795783,100.0,0.25
669302,Logan Gilbert,release_extension_slope5,-0.1353845470577059,-0.03384613676442647,-0.005064129463093819,0.03507927541078833,-0.9648470890027958,0.6313447145190141,0.05992050657795783,100.0,0.25
669302,Logan Gilbert,release_pos_x_slope5,-0.22795665295076228,-0.05698916323769057,0.010339735262613288,0.07020848798337218,-0.8117132967054866,0.6313447145190141,0.05992050657795783,100.0,0.25
669302,Logan Gilbert,release_pos_z_slope5,0.0017107607239011822,0.00042769018097529556,0.0006075979131452842,0.0312780930608449,0.013673793352533194,0.6313447145190141,0.05992050657795783,100.0,0.25
669302,Logan Gilbert,arm_angle_slope5,0.03659091928644319,0.009147729821610797,-0.1254858894305479,0.9321891101090649,0.00981316958373449,0.6313447145190141,0.05992050657795783,100.0,0.25
669302,Logan Gilbert,pfx_x_slope5,-0.04917399900680416,-0.01229349975170104,-0.0026234014334832845,0.036284799138605134,-0.3388057821331963,0.6313447145190141,0.05992050657795783,100.0,0.25
669302,Logan Gilbert,pfx_z_slope5,-0.23026122581069172,-0.05756530645267293,-0.004309152141793305,0.04706597963147893,-1.2230767722971558,0.6313447145190141,0.05992050657795783,100.0,0.25
669302,Logan Gilbert,breaking_share_slope5,-0.3754700688229513,-0.09386751720573783,0.0011474752863164012,0.03040616368981859,-3.087121353529024,0.6313447145190141,0.05992050657795783,100.0,0.25
669302,Logan Gilbert,offspeed_share_slope5,-0.028921105276494035,-0.007230276319123509,0.0007162393255996503,0.01893061681467922,-0.38193559089511503,0.6313447145190141,0.05992050657795783,100.0,0.25
